{
  "winner": "NNM",
  "threshold": 0.5,
  "test_metrics": {
    "f1": 0.9787234042553191,
    "precision": 0.9757575757575757,
    "recall": 0.9817073170731707,
    "roc_auc": 0.9989733698357391,
    "pr_auc": 0.9988083916485749,
    "confusion_matrix": [
      [
        192,
        4
      ],
      [
        3,
        161
      ]
    ]
  }
}